{
  "model": "Random Forest",
  "rmse": 12.172543954153113,
  "mae": 3.453157894736843,
  "r2": 0.38880126719685515
}